current_1,current_2,current_3
238.6709619453584,-16.807891405899085,122.81428835409812
-201.91301023276554,-316.50556797304455,-6.6184197600723484
417.4119098025648,-69.09654240913324,-40.56742613171689
-43.14386571560337,22.5115092610611,61.39811047365547
-180.22079099348596,55.134848900741574,-16.464070528607664
206.1302466844062,17.07541086794031,50.88975351634726
-269.1428174578618,68.09458584225911,-33.316154343834924
140.07736640718866,202.69937139945287,83.93020943009785
-51.79540616911308,-147.25062524982857,28.79956888458262
-159.33237604315363,-127.57003761247877,-43.85173419011146
10.763396440465716,-30.317986126624355,22.51377653203141
29.464290578725546,-175.86711506281418,-37.718266817326985
607.8061664890078,-135.5026194630715,-39.09644512034312
-257.1366047303228,38.73255088322298,-32.017261863789884
3.130556010684616,177.56404474414256,-151.25784457036366
149.88696398292007,477.23741396772743,-16.364716724142145
-118.7915204693764,407.2265449805466,-71.01598567374
254.1242509211002,-92.66064785697853,-59.542125222324955
-267.2971592369336,-49.64878185001731,-56.1041518985128
-420.5679918327759,146.7107944784748,57.94189421263948
141.7303445099485,-143.47861155289775,-151.81200447872746
351.37711306776976,-377.5381995783101,0.033187729782090475
-20.949925724331276,-465.025600070717,-45.86543137302454
-41.55341428881423,194.00771716008188,80.09107879813743
-144.30751380607933,77.44066840333912,-45.86509021857292
-187.54000521897558,36.47571935683915,-127.381176112112
-77.37181038833768,201.11842926190033,-82.59277171716826
244.95902774918082,-407.9083796856503,-33.75420875609194
65.21350335346231,217.3983826082921,-33.934295093487854
-583.863552992925,-190.654192988823,-23.899735858747203
304.4628632921889,302.9059681154702,-56.64059822988717
-7.4751735427932315,-214.2756322092481,-3.736715613970837
146.1603009454281,-220.96151035482308,-102.18678016573587
-191.01504864361414,-198.02463146393794,-64.00582644530574
262.2809575977237,-252.67548131152262,92.42596847414141
134.75122815043505,-8.662097788499716,74.40591629632871
-94.30665210286043,-147.3694378860034,185.69842071630765
-47.637995491725526,-51.52114136671195,83.20030304541453
81.36943702890792,-5.919549376118479,-2.1307639146754647
-207.48497755860143,107.0280931349194,103.92596769168824
-228.30919629914138,215.62350514337604,45.944579965219354
86.72239357160242,114.37277440175914,27.024309537595936
-279.6436713968818,-44.931563533350875,110.0777143193757
-465.56215713239277,89.76230259948223,21.9610736931833
-169.41173420265903,-501.23221781915305,-28.912438966655678
109.55164225304952,174.75928128413423,96.9388899941227
94.0797620602496,96.01163608331905,-36.70603511484087
-61.39988533338634,-249.6784105255603,-22.451876944810753
275.39716323049174,207.2525320766725,-64.82802379526824
-124.86267720393663,-251.30729228204723,193.90182754369366
-27.066446283250855,382.13685459643517,-116.36675332867681
132.48136470056858,-318.130832968568,-0.7028296424906478
204.46046536479025,144.55539358176375,179.70892706681178
99.02278012690529,142.92731845456115,3.026750991394507
-33.0733459859643,41.229298283190346,40.559482179763144
174.2530396822378,282.4252112620498,-104.07545868470056
-48.76015923773322,436.2340883988135,6.658018166450322
-67.44475737818571,-107.43566832094886,105.23420360781913
204.4777227943118,-561.4745616378815,-10.341414248918687
57.40277705980297,-122.14147660177315,2.970769394530772
-290.1339026118417,257.0906162038313,-24.295223018951035
153.36587710092977,-125.84486669890755,-5.35327243401703
-216.22919242934583,203.44556449363998,11.353316112945423
462.4605561398574,-62.38560638832031,-96.64190675604502
-137.56580560243768,-14.021029534072799,-63.66627658078475
-96.06776396385169,564.8482107673793,17.42048519181811
8.190917912360316,390.60888965808465,22.974385824649435
-294.9743535051295,155.67777594344827,6.394646358888513
-165.58110847213462,-119.98642227240543,54.02752773107391
140.2872175185433,-472.2101137881841,36.58811378906853
-16.870057166585713,3.337934977147382,-98.3675560559797
-265.24770660311333,-232.42377946834029,21.301146807133932
-198.4028323656758,-97.79350044255428,-49.96486988322717
252.1040583038701,48.2099452495587,33.50161725276767
-216.85503486878414,257.72496236340095,103.69795278042697
108.06328901256711,-193.17673067717786,-43.26271343150847
240.75889060958465,-795.0811712717267,1.3664731247063346
-15.892295826215978,-148.8385523048411,-139.15474612487773
-125.75854727957959,-130.84966943388602,-22.031668619209782
322.760150471453,369.54296232383774,-9.294541154476864
-95.39070486994257,-220.5150871991506,-64.67730171151476
37.3442601527112,86.4759116679205,-85.98625219118212
-54.038240502405785,-65.53249075981903,147.8197026960975
61.72039795790567,-447.57185459276684,142.60079603301736
-24.425475797296688,44.594579305664546,-1.775701986756264
-637.7306813889006,146.71346273348163,201.21834096795362
-150.94038579025752,-72.39600917959025,-77.22173011743764
214.24989459495453,-108.17000814234221,61.936408662439746
-385.63452604186494,-285.0238256565745,-48.705815558166805
-302.5928102866341,-377.8303408427751,-77.64073963194106
-292.4919785037078,149.69588201590042,124.06073278131211
126.35150059047912,120.61833013326299,139.81942979830436
-114.544641669509,260.25461519722916,-81.04908004672505
-430.59093367335197,3.9320076418146916,-34.38088875153314
-430.9669800982813,-223.29447368887605,81.11316078806198
213.03147797423495,55.15096797301424,21.699340865272607
208.59184808610965,28.803444695830272,-83.53441473050937
23.560877191065412,-55.40176880343868,102.30189504095006
404.8197247662236,35.83440892351253,-30.593377360504242
-323.87750360368017,184.20944335225482,49.629083050857545
205.41623654361203,-71.78779631191304,-75.3104572356573
113.76642235583125,153.31545664460955,-6.713574235940074
73.13556686350925,-240.82449729191063,7.827328068857702
-8.737224002177747,-68.18805701734072,2.5143454971344803
-268.3761475688007,-271.7791898120389,66.18832288615347
-164.80792329256633,-216.37424683051438,114.87467923472492
67.96314575252723,-0.5345162706737168,-67.80078283998354
233.61601861537284,142.10863718320425,74.90629996168288
-73.02861552404428,-267.02592848095924,6.365983549877443
123.26682956221391,244.804338072702,-93.48641823119006
606.2319935737672,222.38176393764837,-162.26750983903685
45.96776714198867,-101.94628656923004,52.1130425039333
-172.7813718799067,-206.0127021023839,60.49052945366044
58.24915192084604,264.3326768497072,-84.60586064993095
-421.66479632891617,-113.97781088763382,80.84824938130684
-52.11890999344771,28.503325479231112,76.03263174995254
-500.9960999958007,176.3346255736607,3.071018698616142
-555.9860022609417,-125.03584707822684,-17.661905369925805
97.04265760112524,69.14918324171911,110.56003509747816
-181.4742533739638,-125.9470299151641,-45.52431501475329
55.02278472454698,383.3492670793562,-57.05576707508953
-389.3701760171,-126.7160667903053,3.6155990900043284
-165.57783318931592,197.36492899042733,10.606463277515882
103.49715004193688,-356.883153376843,91.8598231484627
-163.6029098771928,-170.07573274979592,16.550686380425446
-275.064055329044,157.2140241651855,47.11243008857856
292.2371701908501,-158.79044796411787,19.57609371942529
-208.46932148905665,-214.63186121512325,19.634367689724503
-19.82112116041751,-519.5425071492308,-1.948635732440721
-162.1427479764636,217.12001975344202,53.043337304444215
-40.54303550189747,-53.94378937900888,-5.992802325810912
-222.04632463251033,-39.477890315032056,21.61814468972828
-276.52069970421337,-42.95123691351459,173.3332510865685
6.058000093226187,-158.1501652511691,19.452099001598373
-206.96309071044996,161.75326350516255,62.278533055260894
-59.586769017671195,151.63542063379307,-123.08399873469837
213.614890165059,-216.4915506094678,58.17190822950766
-439.9318730285882,-219.9739863944046,20.383356892032836
155.4551486324237,-44.235908808646435,38.52557229395637
91.07537211200996,-79.31866563590575,205.77000910336008
557.04176998885,66.46511604802798,-22.126230958432657
2.037577134202727,60.683938120240065,-64.27558341903894
-53.93361688917866,-320.043656898088,-49.94940038977795
-121.80700411044064,-22.69046937584873,49.73732163971323
84.30288696732332,44.06254363954545,-50.032294078321506
-199.94028196610387,-8.565213452216184,18.392013065036256
24.087432558340065,-118.23192442712586,-40.0189475165755
24.092611313378068,-6.811327418956828,-12.37926155970162
464.93990783577567,-10.179898897014734,-118.19203761710448
207.0387952120073,-257.5226677019551,-34.70735244153852
135.46653531476053,-205.9964479163421,-136.2861369741563
-63.52941126884072,4.977592086942222,29.07849969990464
181.37153917098212,51.230267220729274,-43.97622565720334
185.7904011747942,107.36225759009884,7.979345229518042
-235.5168755399865,-104.9203293304314,2.8395361850063
363.0374486693666,186.49570768116644,-61.41619132948758
137.79116723827613,218.82522263251533,-95.1853840766514
-478.109499794056,113.13781101623186,60.68619937494169
136.22114202917902,-182.2094754197316,66.57361861978727
-8.923047813049443,-291.2370357448758,148.94331802643447
-86.01865758126661,220.3772669224628,26.89513582594932
-205.76454159079768,138.3196151362992,38.649903577419515
93.80217693490981,31.55353925279677,-112.94048776994335
-125.89837364293693,-111.03195474288589,0.42354797865149013
-133.64342987300822,355.431333408034,-40.65583034412208
366.7431173508645,457.6446815776578,-17.9934242684898
417.9284627471186,65.64763940132764,60.5983676246617
505.4635667607896,-136.66000167376222,10.29656117003085
-257.94754892939966,52.80635468330734,78.66729199596675
58.2148725695824,452.27145375238393,-4.825563321941147
-148.8147042916246,-248.3007956124832,16.053504685913026
-179.18165087408354,-275.7460213250689,97.60134229353997
78.48112944269958,-233.10330147093063,-47.507097137190186
58.84982211408424,-100.34407671877355,45.58016785058279
325.26926465646164,-246.32866346540456,76.94952904017639
-8.210225777385755,-79.75473355066417,106.51458154766978
73.4022399107916,-155.25160008604908,-81.12272066459809
392.0217673266993,218.84372761266397,-124.31827191631794
154.3993475721012,458.57660850408456,145.32605530621666
-156.04801752067272,29.591872960415106,32.855531782472504
-258.4857749237159,-116.08529791516406,-5.652520486036851
292.9359479716363,79.21441450013154,167.98285818878503
-168.51294426426728,-183.32942583495955,-27.73467107775649
-367.9135233752929,158.23210305890365,-88.34187819795991
-48.94529038025358,-345.1701807541383,-123.42645906388158
-164.34317089828156,-47.15892332232669,-93.46608817435528
347.12031946288863,92.24452847377283,69.23737703374091
296.034439854594,116.54808613203781,43.17532138628208
155.6546381346079,154.2939619336662,-208.774941884528
24.949672647455262,-424.57413078166854,-23.00328282774742
45.23054409035435,47.36928959645238,-28.191708668205695
-377.5032243464438,106.86563079197578,-63.97220450437176
237.02879106615177,-20.0106894953209,92.51605318892585
-536.766135393202,389.53933747814966,-12.087546321023488
-92.44696851770945,54.64514629294876,142.8342963365722
46.745586808186594,-36.27900702826906,-3.421529903114614
220.24043176835508,-659.9294175108215,151.67681765238987
118.14494401176621,368.5853856722476,16.45136798443716
119.27400133149987,384.5884852440929,61.7227524851006
76.73869562815223,-62.12850414245186,87.59635459281607
-59.73739565120593,8.63382321821012,79.08721564083213
207.09927292743617,-455.02025667060406,49.334429651196416
65.25301885558629,120.89695754947162,-66.00061634713279
253.57708116369372,-138.04782776633036,111.73955865922896
-40.99796498665606,331.32883441161925,-26.01609268175217
189.0633197594016,-238.46384618231966,216.25521422638053
146.6989625788272,18.63718008212375,-87.01058774316864
-27.23588520368631,-183.64956191436104,-107.92728066115744
-34.55639030842097,-196.78255553447545,-45.74997430601008
502.0036305248427,-201.62484933477876,54.23552148327961
-21.89480513579873,-261.8036561608923,101.83166531237579
-93.77490386094546,475.6879961956515,112.15575634458106
-217.76612020269027,-401.87453797159895,-266.0333183316543
142.46942088664724,-52.18123279458986,60.574462536755945
-87.41292030921791,67.16296194463197,-10.72264479762694
-270.01271222698404,86.46318435078258,4.434135849545421
-417.6187138215915,165.39539910408882,-77.58565801579248
95.39653154705798,51.66504103263497,-38.58559617302737
210.31401373115696,9.82723145104692,51.37243370122597
-215.23962119849557,-63.998051938019955,-73.46020534868141
-97.38380383891483,-64.28801282910099,-67.71206697507304
221.9561796171822,-129.46020098713768,-13.959160886138983
296.6054508781307,-278.4007196731889,-68.36561917348303
45.34981029630924,62.57528322395399,-26.197614990877035
-105.32017731725851,-12.65862562839891,-74.59386692243368
32.36795861554507,298.56446486416763,-9.932065097763468
-110.75921793454016,-44.96653605334339,74.25349644438468
-212.50405155917676,66.72978930640397,-93.8181494031609
194.18058978379918,16.477864865138606,-129.32932442922834
-232.26499306114206,-133.2830822621201,74.54162554500262
-513.0843297409693,18.665923428505465,44.97527558490973
36.39151544501398,-241.9993842309817,155.88525970672097
-9.146713533603206,70.56719838843331,147.99207600735113
194.52043656423763,-693.8945376624865,-20.951173953170734
60.37170429537924,248.1524284674869,-18.780845217465846
298.40477603614397,-284.9857669153944,44.06687766198203
323.8204942826883,-133.26875567922576,-54.911970759617255
-210.1025030071696,-76.37881572908195,22.88975032282285
60.01913112709159,-52.789567500110266,-2.4674532650699574
-13.338490551212255,-286.95411371548266,-41.470332324123405
45.774657955626786,32.037143568160424,90.5373715623778
-60.53584202123194,-519.2548926028394,-41.22266499404139
-290.9208581572214,456.9117459912475,173.99682141305834
-206.14947386675277,389.1265957233352,-189.14800933034118
-392.0939136614418,35.120976566632336,-122.51316714787379
-5.939645438994623,-148.2918036926637,21.665019663218484
38.37489761594628,-185.86334243586407,82.94410309393577
91.97652473670537,99.20098725035454,-15.581524977975432
-315.21689992937115,-36.616454094202,90.97138864125174
-74.98110637107344,41.48903115871872,-17.74923505096514
-10.512648750044349,-158.70174024260984,-185.31064244072894
-341.2627534987971,-469.14175691886186,-8.875339532793864
-30.604954094201524,171.0226282846968,117.06617792288719
187.93226373166434,-214.01009585315228,18.26863379087218
-35.46740458813948,0.7040291203508784,80.87278369704728
-74.86774472700736,327.6067365650624,-144.42131581296994
44.246269780567566,-47.82907254809394,-50.628740343112824
-476.31453314778815,111.43752231599112,-31.399626796345267
-582.1672934855861,202.20260466498345,-3.0506130224036645
173.7846752908858,411.35482975236266,94.70287528359724
140.8949673822775,-196.8967615851151,-34.879442608095935
3.6712523607827947,-260.14988516549494,-19.626513699650094
197.9323643594968,38.618251234924394,191.46814757806635
244.2464956691631,179.02972980903078,88.0433665050817
-336.3216265645144,258.8169042199791,-44.1547583212772
217.11286345259728,-59.19173598534971,-57.026870007974196
116.70709843115314,-174.0480434005593,-7.201750184733382
593.5252278863674,-71.74964316257315,-4.109453417522623
247.6719459588665,-299.91384382010455,104.9485034222798
-177.32118548076724,-85.01439503393767,30.261602132037975
212.4852321861023,24.988876091101226,53.938045751330016
-53.03871338552101,-92.61765271480274,-63.186603192469356
122.09338501554858,484.43832908680037,-19.50817188510758
-126.90846077703665,-239.48670083005092,-97.98864292680894
214.84447841403423,38.14341832110185,-216.63229586871222
-56.88984791157253,-359.9615557950571,-79.48127090605324
286.95862662910014,-107.4527245580542,-54.45515966969913
289.3576267734967,-198.94141931046977,-60.422567469209376
214.44578408113182,213.07741722435097,-48.67278281221122
25.133680952069668,-602.0846963975044,-10.307801390017076
-81.62738315176874,-241.40847505530633,153.64850646689868
-8.847318938349446,-112.80986773188907,139.48606743610713
-68.73793717682125,-174.24375389671977,-55.99223778243306
-366.78183532585757,126.45621567276186,-75.86332052743137
-107.04079608237636,-219.8872121038499,31.356605173313284
-2.647749259583338,-190.15474484102458,27.32983729867599
-39.92884158513258,444.3967467078211,33.99417280685655
-215.831702511715,312.9298309341042,-40.24876858231511
-4.919133851884053,-103.99275392708414,-152.45460055793444
339.8306219154627,420.618878919532,-74.73062059421407
347.0597661487929,221.9947508045808,-28.594024345319387
-6.589689165910221,-123.81246888448676,70.81416396058832
119.550958687222,-404.740419260674,69.39661730291242
76.27550323229445,123.64655887502538,-65.36447158860199
-171.43444469684846,112.84531803366707,135.5145728853648
-383.6183280827455,-92.45330493411336,81.19596614130745
-333.8290520961639,100.51964899081435,-64.98411638845857
-225.91924025486927,-29.1846325253802,-45.81317893422351
-47.40548363530819,226.8463456177462,75.03876865939075
21.144752871270974,128.6883052424608,-6.822126199328904
-112.72819079389156,106.3255845028781,-2.108935496342077
-87.82029054899068,-94.05771174439097,16.35848697444478
-46.42615081858868,595.5438579824242,-60.41642510955413
-317.4029206392659,-20.335622653127217,-64.15759486657895
216.77746800082255,-84.87952491468741,55.99270939700996
365.8584589107896,276.36215350629374,-41.622974713116506
-162.5151161115379,-281.2743994122909,-169.7087887536261
263.5725168589357,-47.57142796310655,-106.14401436807998
174.757868002279,20.228429891952516,-105.19803948951613
-342.4152454033617,187.21301684182498,-99.21097643937449
-133.51482847463373,113.52891465187818,-6.513046657147999
428.9990908045197,391.38329964694464,118.53935563651503
-266.21645515103916,-192.82390873607758,-67.22142348246653
251.29272774117277,548.9749831992267,-46.518954998448045
-199.28686271470818,280.79753243549374,107.82954920197676
224.0646239699689,270.87792351329716,-45.56299381031185
280.8317583560924,-480.8232963650053,-34.55863048734625
120.72532226877259,-170.49490497669888,-107.50063299599908
66.26981496101787,292.1784095756265,-47.01325798054895
-466.5084316116466,-27.72269995151803,-203.63435854152368
-6.619998475744653,-335.85654170698865,37.80658044346329
-293.78058212920706,-517.3355018437685,-2.765200155522916
210.22865143741663,60.48305187789659,-77.4742864069512
13.485242609117192,-79.22613675751552,70.36089849871965
229.8086290500248,297.2161997719659,115.52246210462775
-213.6664674208669,90.15015635959718,-3.645720377916387
125.13560618357447,699.5101491892161,21.91460393805452
-252.88204679755748,-252.4128186036358,-75.7287308017249
-253.2688270599504,-1.614817600337431,-80.50886979427106
-410.47928760851636,-487.4819221336751,-4.012918848960395
287.80969641038,-198.29647667862014,13.188985598388811
95.03833549690172,-66.34538304781485,75.1592171041148
-340.51823105457964,-220.12591324297682,-34.03455700130146
291.6294138441391,440.62746870983005,-125.37880928078089
-179.99043080293504,221.94455421756334,83.5812987438285
-297.9316556290486,-17.914132168434666,12.492371892021113
305.49706971311156,-158.23154852636517,-27.781868014677727
38.57990276219237,-216.18388411470997,-8.37323277989931
-156.21399298634577,-128.63464206447946,-283.5630021303873
328.54562127401874,-149.4794621302364,-7.3083186460076925
67.52725220259487,69.52836774779966,-110.04893252524401
-96.20574396946853,191.92984285373277,19.004092190573203
147.49424558198035,85.82811230003972,77.76605403445848
-111.82727448313514,70.15857580125054,18.54138016764233
86.77319954556961,-305.501808919292,-129.83268470433677
48.21683516882073,-414.9842096078373,-61.4900723752947
-159.2818045728854,-187.70930228369784,-82.7064027699434
149.18250809673094,35.564356625081224,-32.7091962876584
-180.73904297631537,96.02717799706781,0.20472437968299095
59.7025098379885,297.24304887102,36.90431106808567
110.79529604401323,-56.96011295740891,66.5573967540287
-354.36694982026484,168.22273130285012,-165.32795584875933
-193.30337350967883,330.4889399975866,35.84432838670482
-53.20908052050328,133.98679695278085,93.89838122561001
-174.98020806075115,241.96895450181563,38.556893080387844
-314.50124291410066,142.601707313227,-63.44312489941806
124.49040294229924,643.4310673927807,-45.34740213252075
171.6795772792749,-202.05220463547232,113.43160520739899
159.4052176434209,-259.3149883892521,117.36790990517609
37.770128499435835,-131.31163871666513,-78.85644076711084
-199.2323981516622,-139.51465881696242,124.62886563168976
103.43021221553471,60.45543763363322,-35.9958632767273
-398.88662828982575,-26.24318936250581,71.34263729171263
-216.05201918189294,106.49292055376982,-6.479311534726703
60.59855300775027,107.67413371945841,-45.655854684562705
252.0476917464614,397.75727672169404,-62.54789214155048
-106.83288441387211,-259.7856030185447,-28.713565216390172
-54.75225165203684,327.9636835231848,-38.848153099951034
111.21502770746184,-32.23067494927114,18.377344519580536
-200.78280778167576,-132.22143265935864,-80.40764867690469
-524.4004411165539,25.238812790617445,31.12886753395035
36.61137137711436,-313.5675512529098,-150.98297840793222
-236.1845904065466,294.0782410628688,-23.33548330044862
292.2293146439349,278.2860887073881,48.488061604357945
261.7601450568561,-145.77373840267393,-43.38753866099404
-283.3752447909048,358.0672288601239,-38.09708054680937
32.69350383814335,210.17229660108606,105.99739746758603
196.8323557630786,-243.1006292909672,-66.7925545219322
-13.93973181019991,-28.300010653503794,-41.943735467233864
25.89165040850198,134.74752140053283,-180.18351470102
46.444973126928225,-68.1078947110644,-64.7938684615858
-270.93610300006594,294.4135830443899,16.63533992996819
0.17131601158556642,74.89586272878918,100.64479515179318
-166.7166749431833,-20.990975661633705,65.83079073792216
49.14586115997576,-312.7900399995238,47.77812654110845
345.1817575912527,171.38527580311958,21.98585245192384
-85.66781546208337,238.73901906318932,-162.6281561087105
-37.359733704762554,-63.212592342477386,-114.17486841704415
173.27927301825542,-171.33628439121944,-101.18467641065632
96.13189630803605,167.2490066785947,-42.77450945907312
81.22602973521312,417.2605594298746,21.868615335922346
372.2473625684334,-52.07906419751669,51.089086752200636
-156.0972290136058,280.45724679680905,-138.81086973141402
35.93452389540975,223.1127226992999,-57.926558300774715
-271.89425202281785,273.98383142383443,-66.37795675963824
457.7288203049735,-111.11672950051292,81.71932147949167
-276.7898925725009,-47.44775834213537,-46.09266642345704
30.445288381587815,-27.278901973497767,72.6092341042438
15.168991095870593,-143.49812955787633,-82.68459401478937
-265.9005756089747,-161.3046835699724,70.76985512527557
-264.0129848962631,-82.78044296540111,-40.16844035267039
-387.3831194290289,64.22126227710217,-24.163364808998804
-101.75169657331054,-396.6144841402151,7.1679723656007095
-354.1710518885807,-456.06354425937303,-92.914459747027
-70.54365651574689,13.166228213852818,-29.199385756653818
-71.51531457809948,-242.77657518680658,56.29263342486426
54.57496693082277,-81.73102600816239,81.02034024726099
-73.5009352430964,-76.32553271474613,48.90890118790214
-93.23744179604435,338.57305791685104,152.74568056745488
181.65523899078084,100.80816145487161,-40.16999586701486
91.56714989221221,-71.67009147578386,-225.7336547721511
203.95269439419263,187.55166440964115,118.16139804961776
-44.83723236904981,-48.127104713215346,83.57710186460169
-291.0023683285258,-138.96889550598468,-42.73495199360495
-35.27630477790062,-222.325465653781,103.33595510541494
498.3952946426175,-398.8078329249168,29.176913827480337
307.8496542146285,-43.152677188217766,68.49043206481663
-376.22712654040953,147.1535178159361,99.74333792576353
105.69824685387746,343.81372213503624,21.757687038328584
189.86906749721692,-129.14089398297406,46.02764558360211
20.086943663639158,-70.10119453691742,120.07053646633999
-16.982792335445648,107.22229939994509,-143.9974269653704
65.80285918636255,-27.986328946826163,-263.60980199154585
-559.3243476143351,107.23705411177878,-78.95316483819659
157.6747413821871,297.9954486034914,-53.77832757754474
372.41949330336354,226.86451331845433,85.31819742672329
274.5698810962025,-10.174588929854064,192.40312274756084
-19.879792943316936,335.6909220698712,-73.92672944652975
-216.3947365513136,-262.3035837425129,86.6972076651651
231.8849622506481,-205.22542603170112,59.0813957692818
-10.403391284231464,-107.49293919579156,-96.67740384546258
-153.86690189747185,-212.51353178367575,100.26491552886797
-66.08708225291194,-241.72218129595328,59.92383697021861
-486.76092776911,52.09913582932495,-28.3483901010995
172.88477871577135,-385.2099158082943,194.3417636895279
-191.5582674584994,99.86075547965982,64.12283487566005
-63.901898555309565,182.29409457027236,-7.522176081144129
-58.67845922804273,-231.73280405845435,-15.402174709385255
132.97869173699215,97.04543565318906,80.63225349775009
358.11969637346783,305.85087119722476,-29.52767705890532
-1.094516973894263,-259.72112249861584,-13.802879493851194
-252.7944661251617,195.01177603884588,-233.3872000387951
-52.786086092893306,82.55018671861512,70.71457058932533
-1.472916501768878,173.6609333745712,-82.6067094875085
-304.0541370118827,-385.00094935762684,10.134012943090104
-347.9533358058237,136.7107101581179,12.834069768174498
47.62280320686073,-12.137326538533863,-43.96962861984694
-177.6288228986743,-42.20119641186012,-21.72511088975164
-17.13290570597536,234.78035680747524,-142.55736664246953
155.92726092575467,305.69433812311445,-80.39314059268682
-332.59342260967003,107.45848651543854,91.65364349148324
78.05004579815022,450.0012267612935,-5.206219005871131
165.3304629984227,281.97149206507925,23.939935767177367
-89.54907805761691,463.1152635836695,0.5999068585176521
65.47050478973799,229.6945883305888,-118.37826552778567
-169.67017021032856,-283.7821939688588,72.51987598129449
439.3972811311267,-35.77689306216052,-83.86983708370946
-168.54682578615066,23.241198451216892,30.14491360803132
-6.2646840238061765,-170.9056132691787,39.32539226295586
-90.75337327784787,-140.6357812069039,38.67207636953937
-67.16933964239526,-39.225978024242785,-12.11917923042224
20.940267631811906,-270.0288892045847,-38.430316426753734
57.390427171763115,-133.89616316283346,-69.2532462223081
-225.06922509263748,102.22684725858447,-90.35525740330885
162.81581042612353,23.470699856057333,111.89829721150139
14.922402905656455,-9.945864130410534,41.20911961739848
57.32841950396743,-372.17505907983906,65.20864902313697
-274.0828321374095,-422.74644101004526,-28.541231009946717
183.95427831220036,-100.23396232020792,-75.4855520934124
-250.08934935595764,212.65782269610344,-75.28951060906698
-120.12307198283638,-249.54224690903104,52.14091963363834
121.88184933998731,115.27759340359005,187.94236212278625
173.23191703514487,-180.11126069622296,77.35315224738181
-42.51934170789706,-367.8197973433846,-49.423399100481305
220.41636888661102,42.000501455904796,158.45304911704437
39.40385635642439,-29.00114001794965,-122.86472676099699
-125.17935012345018,-224.1748899842441,33.90432767288385
-3.8293471438718183,-368.63706196399363,50.65558402203673
-171.7720991743206,97.36095584277132,-104.14551264553403
-80.77489365328873,436.29731031911217,26.122456880531693
-81.57989049611527,330.4055987977516,-4.276647384550408
106.40738604853894,119.79336863846162,-85.97394594153353
-84.08434295311909,-372.6979578659491,59.70677437458321
26.670577755790053,-523.0013732020632,82.11978272309067
145.26021258278988,-391.28839882813975,119.36739589243616
201.72024692224107,-216.11344545529022,18.396434745121635
-40.31038404433794,32.95092184280611,-13.297018338605193
-200.8875058203632,77.80680478349383,110.24809152883249
369.07286498255246,30.791750694204428,36.57236101928824
65.05272563112668,60.8202024782586,-32.572694172829
-53.03456721480051,279.11637701094037,50.730625162449606
67.84618193849398,416.6506622271653,-2.110765193249491
-209.88727260882735,-87.05272595914586,54.415883628100886
14.914394697533643,-468.5446588485376,75.1307791570809
-10.13019316347719,83.66475631466791,1.8906390766741987
-203.28537939180526,339.8715349259593,-102.17287140939536
59.78629085070626,-404.3733763302561,-12.0349792707833
372.1363329940253,-238.29760221221593,-139.49502390448697
495.4836430764952,422.3507788958731,99.02146313965402
389.31381870491754,192.60137190593696,-54.74771300318006
300.1378212537222,-9.883633122569021,-30.48073016701214
-115.57497410880713,402.11064902659405,36.71409859908715
-225.5337781421367,-92.65681948009544,-168.95691790116172
344.2162050457458,-419.07206350855006,26.4779797700725
-481.0720720535356,-53.91460800532538,-29.215883096965175
87.16155972636473,121.3825330762024,-28.390327131720152
-203.15429095091258,152.15250981708988,-37.66147866847703
-211.2338599602537,589.5311921916468,-60.542987384831356
-173.4012501485161,-348.5066062636569,163.15733177443062
-243.6304337729749,-39.937872915678355,7.5291193881861975
-269.2210756970108,32.070487238027006,7.289297427455055
-225.38153406910027,6.344395102864039,10.297872393865298
127.62379087411297,-701.3685740456067,-60.5066120307508
294.4193028211899,471.4717288875468,-34.488302426308564
174.7569871794321,224.01686481937836,-182.71866737024806
-354.31405021850225,-22.008040068537884,-5.686864056094298
266.95332436735896,217.96684676532212,-74.99656332982129
-272.61039862410854,41.51365587658048,85.80033414345588
-232.79501744685544,3.2043057655552385,-40.702838115523384
179.54888989456109,-208.27338685015582,-160.06333541247326
255.55028899965941,232.76889085583713,53.85929522151484
55.88597923009438,157.00633391616535,9.185519692887457
355.76858486714514,24.64065096772056,29.220499956597575
-545.6056389146589,205.14340718338886,-6.90969957482462
-250.95635096640322,203.7251444249144,-69.74339371455889
218.7803166320168,26.965532862896215,68.087224086585
-281.58998166852723,137.78765946508747,5.0827039554862425
-26.844508796362135,2.456639687747595,-36.83903895865746
55.71863771437316,134.15232956772553,-62.03757872733059
-87.2325337917656,285.53035777354717,51.50651771951931
184.8338823541364,-61.69965373261103,47.983549020417335
26.16601463935522,74.60488662921456,108.65837397661562
-411.8114767907998,52.68519173506464,74.86714502292817
-231.1683924944355,-25.559225358137635,12.009150905680935
-85.63289583396693,-168.00942119264457,-62.345830301753836
-154.79722553808278,-51.354509569429126,14.408450189205208
253.41437692730713,-222.55834072082413,-53.52215673801911
-201.21902236284944,-280.19324777072677,-54.132969418269845
94.78495331823677,193.45033161822195,-185.1472041047942
-197.62177411664973,313.2910772813448,100.19314544384208
-140.5624473943378,-180.41935732127126,-112.22116394943977
-188.28481396826302,-129.26204099996244,12.56970449034389
-122.0461569551329,16.98789069455208,-7.529168253386561
113.05230334156781,231.05218202912485,-23.19325715843552
-43.86007022391043,-5.724564159038846,15.051463136377473
-133.61414955007973,-202.89712998957424,-94.40986103127082
41.68860944529554,-103.71738619328279,103.84295984536406
378.488907790634,-35.79871476853301,-36.640181984894966
241.4944720656025,-4.078069190206092,109.67912072180884
87.27757168276246,-62.02170915879539,-14.731281437266045
-99.31029271632768,190.5269770237496,156.0624038942003
265.80605619302685,12.651643573444005,-80.7803167543205
187.3628120063805,38.254983124377475,-132.19071522035082
-339.36168748685736,8.43607740477707,9.739611332038885
26.7314585095605,-149.54273614906867,80.30845171231023
267.02531924389615,-316.26367023336854,-1.7990162464609318
175.51252976649624,265.7269471150481,-16.04084164258063
108.88071782077284,-229.07230833407007,-134.3417474052203
53.205116752964265,144.68902659226862,59.398381948247675
83.65715435212468,-256.54714232100196,145.85480502707955
-189.572718602474,-263.1957080973037,-13.470884254931375
55.852255344180804,-388.18223358928486,-15.293806335378134
-127.08583863182761,191.63178225338453,157.709234076073
-172.9205956569962,-323.4423517645124,16.90902432668283
241.624445921698,346.77223083134504,-40.078459373322325
294.68801685397744,-147.03334660863308,61.41553452333098
479.4524640862076,468.8287540821159,-61.645214172144634
65.88906120212518,192.97377091807522,120.83153505345447
-118.1266707955175,262.57143179318234,-197.477322512862
-339.587256955145,-295.42330373579426,49.49555469340649
-131.71008362782928,-54.296983045889604,58.36258068932055
-30.944237477211978,101.01924830660617,34.632409961931785
-87.38314155604974,-449.0278589240829,-104.08357717177053
-502.9068985459403,-367.6202930557306,-58.802629487204484
-296.1754392995931,-496.6934125608972,-35.66574330416084
230.385190222381,-230.94183831555532,109.64093256652833
202.63220597569915,5.1688897794728605,271.350368538871
-214.8540868746349,-39.8545023193942,119.84796583634818
-157.4135204630046,-141.57941157335733,-66.89808417681765
168.34116378780325,-21.678207500189004,96.66816355644335
69.4951831822284,-234.09183611900133,105.39925606949319
275.7863707781274,140.02805397217224,-6.972277278398551
36.102602137813015,-221.8271482984455,-99.13746164087014
108.45869895831879,-415.02699864220796,-72.95581276086149
19.586796360648343,-314.4821165687472,-17.327560700925897
444.21857770323203,174.6406901084369,-82.91878959326662
80.29517624193798,242.84683852844537,100.05786451745118
272.46169792018514,-67.94594010797408,17.867366163967805
31.708484646104655,-271.70788248243537,-68.81158936499152
192.18190808149404,61.172799365581994,61.1643089065973
88.69968209317064,-206.9315330578494,120.86301014780406
-117.85639198311887,-188.98452294083717,-72.79117125108564
-338.500984988468,-491.39701337630953,-11.447955825697708
244.57458518747077,356.19841710472315,105.39880946348232
-292.9646754206541,323.42914064789505,29.738023250951528
-468.72582982415634,-276.0675526840771,-92.54524098883294
384.6372711205426,232.42433961412908,137.16391781163287
-223.75208989255978,195.17469688948154,8.809035479457016
-443.54172341189525,236.41995350136943,-181.27167437163723
85.66867723491528,282.6585507368887,35.44113098754208
30.551426126539678,13.4353141831784,27.237903700663793
97.23362538118931,242.24583805641853,18.379924139796014
329.16900212733486,-34.51882783038984,79.49198197286623
85.38183450064096,369.41377199472015,-51.364812165117165
-236.4761354337478,-0.6102987165787968,-93.00156598371592
-371.00496946080773,-102.3535867087658,35.281464698716775
-332.94107495765684,327.2912697415113,32.223955656187414
-261.11875528210635,232.68305359283906,21.781113042480854
290.2590386759712,-487.8644248830144,-101.11075148879368
5.593625705465188,167.5025309551324,154.29232250212507
-422.57725524224037,-53.80985399122444,43.316732522901596
-158.109392737909,-94.7707270171649,57.622183183571345
106.25182053889807,192.7208660472863,-141.51054479595842
-166.09973426608784,-123.45575118178523,17.39582985494797
605.2573964758146,34.218311227422525,-5.7530383973590435
-394.82286250786854,-256.3804348582006,147.89656070771562
-126.38907672774117,-17.85283151229149,-39.34395921463327
1.045340908828473,-100.85262103218568,3.055672354252775
41.55431569624395,-251.57108392279335,81.3332491696386
375.0107816189848,-34.430328353668756,-4.385847728476196
-292.0046307443971,407.18945902591946,-22.219086617230666
329.5907045977674,151.16499954463976,36.60955165894989
186.35262345771278,-373.4453494026214,-135.44812631160286
-320.3157467001371,32.70729183952564,15.31177400240408
117.1008406986905,329.24272676083297,-69.4741169609021
-115.46858952805282,-201.1189729472213,0.740180145672756
180.94768891515264,-303.7713407794735,127.5941881327388
-245.6046386526642,-236.11221371138168,61.049427806074696
154.63775172252045,-26.37455588813796,-63.020000527350675
-110.06250429075965,169.02375978664625,4.1299099374422825
114.03770588616261,69.19365709836836,175.9523958918821
160.7106092225113,-31.059362021329836,-91.36100629233187
242.20080102496513,-206.95836739248338,-164.66019385278744
-7.5168571135702855,-362.9973274903693,-99.54261862901764
418.7408791128861,-321.41374787491657,13.203779090358605
-273.9148951835747,-182.05062426303692,-152.23150375194822
-129.4581995120579,-16.83219408206255,-234.62782537849853
-283.926644557472,573.2340148345426,86.67275114883674
232.45648879221233,16.193145332291508,-11.087363417461725
-91.69328697932717,220.45032545126767,139.32266057152262
-181.63100382076982,433.9434808448224,-96.57657373886181
-132.5660183599096,69.95980527323096,52.22224827908028
321.67637905998424,381.47850690176506,-121.0443091394189
200.76462199921548,-27.70362065890866,91.38798818789542
111.69209783825846,207.30305451812595,9.053159091790276
61.25087039373382,45.30963783583338,23.098986966754197
126.46108498799732,-155.0809663372025,99.63092546662597
69.11401943291119,447.16482632214354,87.9194396678998
-163.77129924885114,-62.13978096907121,51.09762685229323
-200.5466368234648,11.6579037394441,139.80397183705136
-317.394074289368,-184.30580995856963,-72.9745409932775
136.23241849869362,-299.33815091652764,94.57091834567854
19.75595755832824,-77.80205622525638,54.40260654700985
362.2880134170652,191.88024564000344,135.99206240434356
69.25963648889919,-68.40722730008625,81.43373823245138
-228.83676278781735,-424.13155650090135,-112.60909630705295
700.9948411642324,328.12871836948506,15.530071690004268
184.2480394955748,-184.85757320124762,15.422138134032245
-163.74448376964256,85.38285467331826,-42.35735925454275
70.90986668172229,88.0833121442412,-121.84541055225036
-97.74576347776498,-131.47311148440372,12.194663113155253
224.99158328675028,41.76035942160428,141.3521114485764
18.261593889199993,304.5432311282758,-128.16800486082795
246.1988989929948,-362.3760927076427,122.86884445463265
36.22563957745583,154.26347494835775,78.86975357223511
234.9666898125916,-287.38650776424106,-18.704656503265635
170.6947236256336,168.48094679739833,-90.65474016084106
93.89179321424282,-13.101335183174816,38.11718847302369
-387.8945339429626,160.53318732934494,35.710058774910635
415.97010438470284,44.93602582134712,-10.239009198041837
-368.76005973083204,-348.01160993033426,-2.150310613292137
-36.23976860806534,-60.25768225917468,-66.3942724035108
440.86646607066734,53.83729634785704,53.947898589899154
-37.51520564475934,-17.168591995988915,47.733041813398906
201.36922820823688,-374.42999452557365,65.79969938730191
-266.55084937907117,-87.749336948344,-88.73523490361373
151.86957564479349,210.61042903154083,-54.353339531386126
370.08130349739906,120.20912056708745,9.91906247526307
-192.3352007132132,-200.15840225847813,-128.34498047724796
-82.35792121033663,221.34010306080935,121.65465983148968
165.5266711206717,-23.297904183154785,72.44888025104481
-72.94927269852474,55.54368900962728,11.24309325241782
46.97825456730831,-555.100374355155,-56.308609913305276
-72.00002917194949,-161.9181308431137,-60.219583935571805
-148.2625486524802,-174.03458802570725,50.438649364791466
-22.392244947089942,-7.643640535169452,-81.20190355063265
-59.21952317594679,49.99715218587455,-152.1634531037563
-25.961592357501573,-376.12378534904923,-194.26883121139963
-79.10873752305304,13.415993709436052,109.57591045266194
145.74236492285206,-232.37491612551716,-12.408672925368602
-10.974993366109869,230.49960397683864,98.23981310488924
77.80658621176553,261.31274331988357,20.765859754722257
-48.62663025535117,-196.54614139940676,-58.671459485754916
-219.90155341394967,8.952057283802734,-44.64987151408134
287.6131337083557,567.9687165178035,-171.1195571932303
-129.66232540439768,-368.41313224751747,-20.427771123552194
128.95306636323915,-170.8028170980551,-3.5704588776830413
-182.62087330919618,301.0641621818165,-99.83728289471405
-274.9255107376799,-99.70121532703699,168.1660299473782
749.3825503928216,310.04886085957054,55.79917635650229
-232.36661876375874,-228.20960306579883,81.7153805918196
172.0526825310193,-165.74944911679654,-7.2974272277771295
33.62994008921352,-109.54832522339393,-11.300335598031822
-38.64945665770409,283.6488983178708,46.771881458772484
-15.744880257968633,-288.5529524811964,-94.82692134287342
262.1915136368906,115.35651193913336,98.13915689004088
254.33288500389284,573.1999908975384,-0.21650371373884492
63.70320719153358,-123.6611540290913,-59.23652496319468
84.2540325603762,-86.60500036535072,-19.75072808722085
-114.37865077400761,-128.00821853241246,-26.5892773658046
-433.66424270231875,-474.8598474418792,-38.029179695635264
-411.6401201499632,95.2073465746841,70.62362382229607
-329.4139399089414,238.50452341143298,17.18052713919755
-24.698105100579372,38.69747008337324,71.58013986910932
-324.9690326313802,112.33122426486281,-73.41926046963124
-493.1915632890489,67.29408622575873,54.20104269732626
288.7900464122465,-327.72691789261444,-27.233769773121377
274.3054365929847,-14.379313186745176,9.655653656133829
165.5317823194233,190.143965278418,152.77148063219389
-50.525688415081135,184.978127174171,85.48512876006323
164.99518825430593,1.9294307385675484,55.95961868199453
49.52997902386769,-154.50544231916112,104.51966999480018
-253.9333976357563,-47.64537631460641,-106.8113374832531
4.695613621789662,306.18749665452214,-150.71451216232492
236.17059528709217,3.4489205644474827,-69.280794215709
258.80902152395174,92.10099988916767,6.7479840587778535
-155.03372829303208,-313.87244310772286,90.50273684358639
176.62727319305196,-288.8135732007889,-13.196136734774988
-37.668036733018255,119.39068937415288,-191.7044310380917
-299.8837298616963,11.85766695027155,-85.92321800461964
-63.64715441026846,350.4175824891969,-24.303989039951894
-19.19207284519113,21.490790841609304,-122.79454772964024
-88.8944060808243,189.28563234082858,99.78429801582745
156.08440709611605,-35.09377782371304,19.35089865588986
-40.109532699195334,-259.0321449735723,33.15269179112898
281.4628159564906,-232.8222582096185,90.49764950889167
112.17286089704142,-263.3188081434767,80.2816467470249
-25.8478418602755,16.38759517512921,157.34288311008922
237.29312719634123,362.2788735960682,-122.99571066587727
148.20217780409783,679.1992851008374,8.086947898086597
-164.1839275234995,-546.7082221134167,97.82163007557754
266.4131213442937,-58.787429197689626,126.58388225422021
105.09581264591165,214.21443332462337,12.924793709375482
-50.86523862459504,56.13079479527075,65.80549899982036
198.96501561644817,189.85334767417194,13.90459367984064
-30.969011000337215,-175.27030071772657,-245.22483763626653
-255.6589311371969,159.5669077749963,-91.43564889950264
-245.81916845583044,212.73691873367858,40.18827237801483
-225.04526958386558,-63.34622429545977,35.90600268574652
48.12620973185175,-107.28106256864409,107.92895725412801
-66.56197918031387,-557.5106826018055,96.18146610260857
-44.4671881711393,-58.111313570598284,159.86063374519756
-352.7873627428306,-681.2764434288331,-79.43246524831716
107.11915152780259,411.2705853729932,108.93057177453221
129.66927018415612,161.2114487861028,-44.88042113422538
-199.04740762542139,-53.40008410427487,62.66671873318942
-145.80670517090988,24.775905867667507,22.271162277176032
540.1797425616779,-298.221665663172,-16.451592378187087
-40.41145324552602,8.652993138082687,79.17019061160774
275.68661685454634,424.745109628889,18.03146383088865
80.73935845390837,-262.632764229766,-55.25448640203581
127.21507825197708,-75.70118819335633,-36.29332236405248
-257.87884029415784,-418.7517986399634,-40.95089105028448
121.0487615276463,-142.7257875567635,67.29237879166723
-248.75740139104101,-61.37848867845808,110.15897581823138
-39.23827672781233,231.4332550834364,5.822298908434644
-0.7469598698301568,153.48347295823388,-77.9867278399648
11.076477668300376,-294.64531365320477,10.309040476803968
197.22886514092306,36.94830713882004,-58.34014799459002
174.7626353569531,-80.2323716854878,9.938627931485055
-136.9790949226542,-145.12919538595222,82.736159550849
266.00402649189505,-59.03268970459053,-157.4290604402673
327.7083929165468,-24.878512232100466,53.549772281185376
403.3156253645268,-597.2162563404379,-35.69502015676012
8.988856140486526,-33.16002062947957,148.11391662092362
-92.25909063676019,90.18874154380494,-58.379662850855844
-248.47824676376496,-106.95358594748811,71.98288891776022
-33.948339268343645,114.83975457776037,89.6240713907545
91.32706543156523,-98.8108797756913,65.23361443065461
251.9741160369903,8.93524547146991,87.19206561582128
13.498936785986386,-87.76284971933947,45.175963604642966
-572.228853443711,46.77096701792666,20.582052249544365
-98.63050562546911,60.569366644681445,-141.94545970407412
207.3182004310381,106.17606346107624,146.39346300343595
227.19133962367482,-315.9194440516802,121.50911558244223
-10.116853478966952,-332.4099907723507,-126.95045285295015
-13.856270923799473,-167.80442329845903,-66.2260708949515
50.58306996222452,-167.48623317363612,-58.546980227233064
-122.05250289568974,37.768368438311256,-25.23230591863007
105.2932797085529,-79.74613185281734,14.956979567594825
-140.12317077793878,251.7081082382298,49.38189055949916
10.323805121595841,-209.48602103590733,78.47178899744488
-154.60290276816158,40.57092747540086,-56.60867538770013
119.64516733064076,80.34053355130708,52.879162179346544
209.57861296200457,-47.8825887023456,39.76338885704938
3.585521551131869,511.0934285350035,28.18562243199088
-60.8032863244555,-212.25668355393145,-33.49956998858026
125.858185220275,-50.202267956036266,164.69553004111387
-303.73927068852817,162.9427736802534,39.21728042944489
60.06148319263667,-49.856767281259934,9.91905068650515
-39.811978267507556,-126.49372641145283,30.058822175478344
82.86027582342486,-77.28984318727898,61.45894483491358
-324.4026045863436,52.64193715721068,98.87241615592197
-291.5394312990684,232.6306756457298,30.894753335401326
-252.7139453603472,-387.0185313344148,-64.50136931072858
-275.2576295741488,167.91695201207696,34.148049222106984
100.28013384694756,201.85609055198017,-126.2567367661215
-83.75767265859139,46.49946482360283,-27.425697389779117
-68.25007410760666,-3.00450942849975,-173.4855703116594
37.81272608747242,218.2986440554155,86.2947876443868
-248.05918616600076,203.63401632784175,56.248655356063196
189.20041160066395,-101.59036779148151,-6.743087852495055
-289.2976401269452,37.97310831022429,-105.66742470976519
335.37678450249143,124.09637772115327,68.6502766694831
-279.9714474214046,79.52142383049944,83.37653632113027
555.756152590096,-43.28508230780255,13.894951736012663
-36.46519916782496,229.8477670246296,-29.232899516696563
123.00355104095611,374.5632583559409,191.24588766985127
-27.965394604733543,588.4396634873733,58.522315211922304
340.1744456045953,190.98002493923724,58.42482200727849
320.54519019594716,130.66441829098952,-86.5976316397312
-184.53611162993212,-63.24450230311163,-68.43638429464136
-170.0484717469316,-697.6940363597099,104.70331959467305
129.9522195713591,426.66007647373306,-67.0188225276723
178.40537794546265,221.8971323088006,-12.169992402425963
154.17582394135397,500.362889264291,-98.65285889213905
3.7384566912087753,-102.14001773315368,25.595755493254163
-33.934329690904995,-157.0401067800122,-4.291367997004676
-239.29542183658,299.45767515462416,40.31131579436187
-294.63517453963345,-434.0844389824532,49.73141492551652
-93.2726465413103,-37.43524002372469,-16.934237338987934
97.74370025770749,13.791294848873129,22.047298235848285
-31.856673096818355,72.77364734261869,-80.758992991776
-189.00343737269714,-38.26070301054193,-17.625355966600207
227.03534823970176,-47.83539338966572,96.58608833141605
-160.8761766992472,-406.0226867285718,-87.19666374771826
-252.130023963721,-171.9897805828687,92.09068611840641
-11.547248117269387,296.0092523341387,131.77406040088803
-391.17099813789025,24.947610196491848,-83.75888053455358
362.48459954827257,-96.2607805193631,8.5789998265064
-157.1681455688562,26.386573429587134,117.8789697199467
15.424800790836635,-126.16486747618941,60.40389983294931
137.90658229079813,-101.76723737182687,199.26429831117903
202.0570495332659,22.197941226103357,23.040555632136382
100.82025037161738,-334.9224889647059,-5.293592395792151
-155.15665718276978,289.4595420524587,41.2514895628202
-556.8640947381059,-458.22037351445033,-6.249563513352944
-307.93530945773404,-133.0416028158348,48.72657078055224
134.05839910403242,110.68694948523111,-58.21891270428337
5.120767703091957,-254.45211916866702,-68.16203548112884
-363.5389215255184,50.35209583605635,-71.08326555934899
-8.083295335968057,180.55675007186994,-98.00082808177383
105.05091355683871,370.21399201531057,-109.23201302840947
-158.23435750620297,265.8619587364458,6.030660766942563
-45.079182396506816,-48.96245656159953,-68.14775195417387
124.93850647522223,-291.7793689541378,164.65447222229275
-332.404191528227,91.22706742020868,170.02058798842876
-177.6026416695328,-379.0051766795657,9.450085767174496
-35.92654082435246,162.51112620376756,31.930935068474387
27.645794355291788,-303.2231354800305,20.001441475692214
-51.65223443615412,253.69148057911437,97.5639460659568
256.3917367710934,-179.16981363915107,-87.09619769701172
22.933731459244797,21.56033230546329,-128.09906363333934
72.29003097021368,70.89151106806283,80.61071115217999
-91.43850704357112,150.90872409833878,93.74149130180639
23.294780450190924,355.3367262117996,102.61613689838022
-9.169690486131925,54.19359241789835,-51.09863319213619
-155.30026858593624,139.90639359493704,-29.242301294335423
259.7339241664899,6.841530821386978,-9.602877498027276
370.46407573959726,-364.93545021041245,-179.8907956728844
155.57504755347,326.1922044482461,-103.9957090309507
48.93858439816964,-87.446408501499,125.08429357265064
307.06623533621246,-276.2094857866068,-9.254090990930967
63.95600962103615,103.20311759812597,-111.31635552303581
-102.5926604827137,77.58277801238407,60.53315993921592
407.27271026654137,-124.4854444174701,-21.697791052131645
-183.75772776499332,-199.84854661527692,-165.8527713306983
-200.5009429406746,181.5168714996997,-75.09227494898546
-800.3243995194151,-593.7960120570141,-12.865637020268952
74.19344995617712,-173.17042746042756,78.22685535226287
469.32841671408505,117.2190376909008,-53.27030368961089
-154.6171608680718,-444.6155928883376,-74.08820987213639
69.47142788605443,-172.2086292632998,-62.82465672680644
-101.44233273379724,-151.23069055676862,-93.69213148843207
-420.2489891048333,-198.1237288513159,67.33532655419216
-426.7635058618308,132.42392583552356,-83.03467845949571
-30.011589001045152,289.1801190566558,7.413055621125108
-40.55541177821476,-221.85480940031644,10.95985990869965
100.98089178883792,128.47979664785117,-29.35655300016593
-121.42110020373653,-15.739905837257108,29.56229355265924
-28.91012925395096,36.84439738883568,-10.339888024723653
281.56771058764633,373.5697504596906,-54.6789153066456
-73.1857649977978,338.5285433875376,187.79624492714024
303.09837759648735,418.78441640160906,-123.10879744201503
-171.86983647610532,-64.65967288406515,-66.4578769415232
-24.133619863186578,-36.17392972349104,-60.03488435096486
-286.615256639698,201.79610557673706,46.261709647514955
79.6606991442775,413.7802318478783,-25.05780215080751
284.3817777173559,-269.640092882608,97.71755316824452
-253.27505298889923,111.59798957330214,-61.30391349149727
36.816670609040436,-22.46265107829831,-63.09506224161099
147.18581587587576,-243.90109009079956,-72.9464474657629
-37.47004388121406,-510.5449158303609,-16.413697784583594
-166.1474623442271,-82.42112529086926,-8.638256979200177
63.74564460191684,-225.41894232192004,58.975003706898384
364.5345136274012,345.167259133864,-34.798932817934684
-421.2413838414662,142.93186069646546,12.364849531896562
65.31534643119065,477.3509875619335,125.870410447444
225.93698318724094,206.85131388534936,109.51135766633033
-558.6458139910222,486.458705400976,-33.21849040516247
-112.20673519076223,-56.73162974485693,-95.35762023526595
-285.92317441087505,274.9451718643446,-121.78907180567161
426.1283014509409,0.8489502173478106,-97.07494244985118
-259.00893530864647,-275.95685143627594,-100.05485501759698
-289.6694061041509,326.6508691330715,-70.6587074462444
-162.00474625564263,-203.01819474651572,-67.4179486903356
58.375751145712705,-196.377581577006,2.40569419163338
92.50970621431175,-38.37609448694621,-26.21054170328723
88.7217155603387,254.37529477009585,39.883620190424956
118.14798027549888,-185.9757254966667,-72.14585775941669
201.24324406758325,159.83190107566222,0.056927945033689996
-352.78340045964154,247.89928996448927,-103.55212964609596
194.1324367246798,193.89742630812734,39.4894450068267
349.6400047596147,-0.8813302325927629,-95.87532836044745
1.8886375969464448,-71.65005403405193,-42.78117559481228
335.64192061767295,-201.9626984589459,-52.00229615249361
527.4933560292145,-30.486574775257687,-130.94019639505817
183.37259389674693,433.7907521149306,-175.28714703071955
23.530929501574626,-46.36948803575116,3.2953157002616145
-413.89193517833996,-68.39785964126817,25.24673274661189
96.37377297602308,41.91891799764821,-60.552227274545864
369.9771093893726,282.8073838452419,18.24732926129343
248.71961682696912,193.61973514476398,81.76419511560368
203.7714265979231,1.2300211140365165,-150.64575271927703
214.83908811842156,-101.11660315219169,99.71432890800261
-174.8810653763,-184.3272333310483,-88.58030374132262
442.7727334606511,125.18201425567489,-59.019483855917386
85.42137657577784,146.28650040170078,8.95047560612677
-509.1469812796211,-220.8887768190428,-64.44767943065378
469.866201437262,-43.0826454733904,77.80343032421304
61.55516032440728,-306.0557228074135,130.61538112976123
94.63688487497825,-74.05605888972818,91.48749046811406
401.8425788351672,-250.26742116081797,39.90177170414323
-176.3213811016983,349.89346784861965,112.02388078218293
123.12806507011439,-84.07096361618522,87.44229504819569
-60.35596156697422,-212.63926225605312,-31.04361445942867
-182.10988694530437,370.77247086015694,15.635075963331884
80.73649264406147,78.83766706137595,52.061188462790206
340.852758945613,363.33973488117243,192.5354935231106
-42.69341392637891,374.8552051936013,74.73797855926107
-119.23095907095873,169.04721030791939,-110.42861795656125
-147.51364615469063,44.926431572134696,-85.72500335375192
-267.63669539112817,28.350958647666253,90.1079769969283
-206.32446039991174,225.97889648697526,-47.06765598459308
60.890847349718385,-144.75347480588349,-54.1892824494074
-257.5946235905083,-54.98641137158408,-8.494734350622368
189.01913423890025,42.18470004683347,25.451969447102236
120.43460954535229,-65.60740331103554,61.72544480640142
127.61010768954861,-293.59131702021864,159.92271645058034
193.53638869076767,220.23070697056366,-39.22996179491519
-81.38416722578968,-353.32447452367603,-2.129898504557256
32.007914077280404,-69.82529962123775,-23.48381495749093
-193.3432657696365,35.09699158006938,134.0765183454557
474.1963094311829,-19.28264107317151,148.4313270092649
10.239447003622342,84.51697910006664,-73.0360006292737
471.23720747988807,184.89662913462027,146.43955724624658
165.59051530532824,23.51969644730761,69.86087156573349
-127.07804182690488,-195.9729107772536,-15.473983057815943
-11.662104322826998,4.614420097502234,-10.387626884853177
-366.1172986818076,-32.76223312780898,104.50927395169248
45.751355927802564,102.52600395387459,124.54765247012605
642.9839725800755,197.66911259578615,-14.445039971447034
104.38270971852972,-63.39583908832679,-138.45187700907528
52.66250358328122,129.36269459783458,-11.648824985160951
-227.57304181918394,-196.66280737645548,-151.47157335970522
-227.32509278611286,-119.7169525481765,60.0032128094901
143.31752843968698,361.3774682952317,73.54319943003388
-248.40811812740213,-451.2547140168194,117.5580456047026
505.2278834272964,255.66396191745912,-160.26055301851216
96.93655703744234,3.798440453839814,115.61296313781314
-229.8765350207312,48.16946394979825,-27.157720876931595
327.196186688022,129.83739766428715,38.55630946489458
73.53041020436791,-30.0016933278903,-17.507373806101977
50.82002282351024,-528.1090234250386,-121.20091622219671
-256.00158217355914,-213.44093598792892,-106.5574249010453
365.50625040943544,379.4662879702778,101.36415344875432
-173.11397389716828,-121.17940475991033,27.60992314697947
-221.28685532927307,344.7905703291153,-128.38675084294297
-348.0408236773976,-30.200154795820012,-16.631905521067925
-21.004209844615147,-321.49084189267796,37.93412260429173
224.137306989593,-176.82744332768058,20.4296121381671
-317.0545577668113,73.92365808094674,-53.85359253159779
-143.30932386179236,132.06772710431474,3.346651860882677
-188.3576055141691,72.33368304533319,-31.91948564510699
103.70427255075292,-156.2543404181439,102.3691308623652
71.4881016274252,-217.40252374294417,74.29845462626447
-105.69760830256175,-64.30368597194372,-178.6992210887441
-79.35577172041413,60.6222652676119,21.626016272590224
-352.6706127070821,138.1961215259514,37.39282390893654
-116.87086255439418,3.6665081367359944,53.671556443844295
